环节ID,环节名称,所属阶段,作用,是否调用模型,prompt文件,输入参数,输出参数,输入输出映射关系,依赖上游,校验规则,备注
00_source_ingest,小说读取与标准化,输入准备,读取小说文本，识别编码，校验字数范围，切分章节，并为原文段落生成稳定证据锚点。,否,,novel_path,"source_text, source_metadata, chapter_chunks, source_anchors",novel_path -> source_text/source_metadata/chapter_chunks/source_anchors,,非空；去空白字符数在7000-50000；编码需可识别；每个非空原文段落获得唯一且稳定的SRC_Pxxxx锚点。,测试小说为GB18030/GBK编码，不能按UTF-8硬读；锚点只写入parsed/00_source_anchors.json，不修改源小说。
00a_global_config,全局参数与标签推荐,输入准备,完整阅读短篇小说，在没有用户显式配置和同小说历史配置时，推荐全局运行参数与市场标签。,是,prompts/clean/00a_全局参数推荐_global_config.md,"target_episodes, default_run_config, user_overrides, source_text","novel_profile, recommended_run_config, recommendation_reasons",source_text/default_run_config/user_overrides -> recommended_run_config/novel_profile/recommendation_reasons -> 用户覆盖后最终run_config,00_source_ingest,推荐配置必须包含完整run_config字段并通过既有枚举、时长、节奏和市场标签校验；没有用户目标覆盖时target_episodes固定为40。字段缺失或非法值阻断。,优先级为用户显式配置 > 同run且小说sha256一致的历史配置 > LLM推荐；任一配置文件或配置CLI覆盖存在时都不调用模型，未指定字段使用本地默认值。
01_novel_summary,小说摘要,剧情理解,压缩小说内容，提取核心梗、情绪债和可扩写资产，为40-100集长篇短漫剧资产化。,是,prompts/clean/01_小说摘要_novel_summary.md,"source_text, chapter_chunks, run_config, derived_config","novel_summary, core_hook, emotional_debts, expansion_assets, immutable_elements, potential_subplots, undeveloped_characters, open_foreshadowing, chapter_summaries, key_events",source_text/chapter_chunks/run_config/derived_config -> novel_summary/core_hook/expansion_assets/immutable_elements/chapter_summaries/key_events,00a_global_config,输出必须是JSON；chapter_summaries和key_events必须为数组。,保留源事实，不做原创扩写；明确区分原著明示事实、合理推断和改编解释，没有直接证据时不得把人物意图写成确定事实。
02_storyline_understanding,故事线理解,剧情理解,根据摘要生成可支撑40-100集的长篇故事发动机，并选择一条主线。,是,prompts/clean/02_故事线理解_storyline_understanding.md,"novel_summary, key_events, run_config, derived_config","storyline_candidates, selected_storyline, core_conflict, core_hook_structure, story_engine, adaptation_capacity",novel_summary/key_events/run_config/derived_config -> selected_storyline/core_conflict/core_hook_structure/story_engine/adaptation_capacity,01_novel_summary,必须有selected_storyline、core_conflict、core_hook_structure、story_engine和adaptation_capacity；容量评估子字段缺失会阻断。,adaptation_capacity评估独立冲突单元、自然集数区间、目标集数缺口、扩写压力和所需剧情发动机；容量不足只报警，不修改用户配置集数。
03_plot_character_extract,情节点&人物小传提取,剧情理解,按所选主线抽取源小说核心情节点、人物小传、人物可扩展空间和证据链。,是,prompts/clean/03_情节点人物小传提取_plot_character_extract.md,"source_text, source_anchors, selected_storyline, run_config, derived_config","source_plot_points, character_bible, character_expandability, emotional_debt_chain, character_action_boundaries, source_evidence, source_fact_ledger",source_text/source_anchors/selected_storyline/run_config/derived_config -> source_plot_points/character_bible/character_expandability/emotional_debt_chain/character_action_boundaries/source_evidence/source_fact_ledger,02_storyline_understanding,source_plot_points必须有稳定id并引用source_fact_ids；source_fact_ledger每项必须包含fact_id/actor/action/object/result/source_anchor_ids/certainty/interpretation_note；字段缺失阻断，证据不足、行动者错配和推断过度在collect模式报警。,只抽源小说事实，不在此阶段扩写；事实账本引用00的稳定原文锚点，certainty区分explicit/inferred/ambiguous。
04_adaptation_direction,改编方向,剧情改编,结合爆款标签和源故事，确定40-100集半原创扩写策略、目标气质和原创边界。,是,prompts/clean/04_改编方向_adaptation_direction.md,"source_plot_points, character_bible, market_tags, run_config, derived_config","adaptation_direction, target_tone, change_principles, must_keep, can_expand, longform_strategy, market_tag_priority, originality_boundary, source_preservation_contract, protagonist_action_boundary, event_release_principles, epilogue_budget, retention_rules, forbidden_changes",source_plot_points/character_bible/market_tags/run_config/derived_config -> adaptation_direction/target_tone/change_principles/longform_strategy/originality_boundary/source_preservation_contract/protagonist_action_boundary/event_release_principles/epilogue_budget,03_plot_character_extract,必须说明保留什么、强化什么、新增什么、禁止什么，并输出源保留合同、主角行为边界、事件释放原则和尾声预算。,源保留契约引用fact_id；主角行为边界明确允许取证、公开事实、拒绝兜底、资源撤回和依法处理等主动策略。
04a_flashback_screening,闪回筛选,剧情改编,在长篇扩写前抽取并定级原文中的闪回、插叙、倒叙、平行剪辑、闪前、梦境等时间线偏离，给下游明确去留和配额。,是,prompts/clean/04a_闪回筛选_flashback_screening.md,"source_text, chapter_summaries, source_plot_points, adaptation_direction, market_tags, target_episodes, source_type, used_quota, run_config, derived_config","flashback_overview, retained_time_deviations, rewrite_time_deviations, deleted_time_deviations, quota_policy",source_text/chapter_summaries/source_plot_points/adaptation_direction/market_tags/target_episodes/source_type/used_quota -> flashback_overview/retained_time_deviations/rewrite_time_deviations/deleted_time_deviations/quota_policy,04_adaptation_direction,必须输出flashback_overview、retained_time_deviations、rewrite_time_deviations、deleted_time_deviations和quota_policy；每个时间线偏离项必须包含id/grade/position/characters/content_summary/q1_structure_necessity/q2_information_necessity/decision/reason/quota_count；grade只能为S/A/B/C；retained只能包含S/A，rewrite只能包含B，deleted只能包含C；A项quota_count必须为1，S/B/C必须为0；used_quota+new_a_quota_count不得超过5。,当前短篇小说管线source_type固定为短篇小说，used_quota固定为0；S结构级保留且不占A级配额，A功能级最多5次，B必须转顺叙，C必须删除。
04b_dramatic_release_map,全季戏剧释放图,改编设计,在事件池之前逐集锁定欲望、阻力、选择、即时代价、可见结果和钩子，避免用流程切片填满目标集数。,是,prompts/clean/04b_全季戏剧释放图_dramatic_release_map.md,"run_config, derived_config, adaptation_capacity, source_fact_ledger, adaptation_direction, canonical_story_lock, flashback_screening, target_episodes","release_overview, episode_dramatic_targets, capacity_bridge_units, opening_gate",adaptation_capacity/source_fact_ledger/adaptation_direction/canonical_story_lock/flashback_screening/target_episodes -> release_overview/episode_dramatic_targets/capacity_bridge_units/opening_gate,04a_flashback_screening,逐集戏剧目标必须正好覆盖1-target_episodes，release_id固定为DR_EP001起连续编号；开篇冲突密度、纯流程密度和重复结果在collect模式进入warning。,用户目标集数不因容量评估自动缩短；容量不足必须用新的目标、阻力、选择和代价扩容。运行时先生成全局基础信息，再按每批最多5集生成逐集目标，终集单独生成并把钩子写成终局余韵，本地确定性合并为同一canonical产物；单片JSON或字段失败只重试当前片。
05_plot_character_adaptation,情节点改编与人物关系设定,剧情改编,设计长篇冲突系统，输出篇章弧、中型事件池、冲突发动机、扩展人物网络和伏笔池。,是,prompts/clean/05_情节点人物关系改编_plot_character_adaptation.md,"source_plot_points, character_bible, source_fact_ledger, adaptation_capacity, adaptation_direction, canonical_story_lock, flashback_screening, dramatic_release_map, target_episodes, run_config, derived_config","macro_arcs, event_pool, conflict_engine, expanded_character_network, foreshadowing_pool, prop_registry, mapping_trace",source_plot_points/character_bible/source_fact_ledger/adaptation_capacity/adaptation_direction/canonical_story_lock/flashback_screening/dramatic_release_map/target_episodes/run_config/derived_config -> macro_arcs/event_pool/conflict_engine/expanded_character_network/foreshadowing_pool/prop_registry/mapping_trace,04b_dramatic_release_map,每个event_pool项必须引用source_fact_ids、dramatic_target_ids并提供dramatic_delta；单个事件窗口不超过event_reuse_max_episodes。child_beats每项必须是带effect ID的可核验状态事务，并完整填写process_transition。非流程事务迁移字段全空；流程事务使用稳定process_id且每次只前进一步。prop_registry必须提供activation_episode和initial_state，replaces_prop_id只允许新道具单向引用更早道具。runner不直接改写模型事务语义；存在BLOCK时只把该事件分片的完整失败输出和精确问题交回模型修复，最多两次。窗口空集/重叠、事务ID重复、证据签名不足或无法排入目标集数会使release_status=BLOCK。,runner在05后写入不可变event transaction与道具registry，生成parsed/05_transaction_schedule.json和05_prop_activation_registry.json；语义重试失败证据保存在parsed/05_semantic_retry_failures/。每集本地分配1-3个事务，道具在首次授权变更前按initial_state进入账本；本地normalizer会清除自替代、未来替代和双向环边。
06_script_outline_design,剧本大纲设计,剧情规划,按长篇冲突资产设计全剧大纲、动态篇章卡段、事件释放表和集数预算。,是,prompts/clean/06_剧本大纲设计_script_outline_design.md,"macro_arcs, event_pool, conflict_engine, expanded_character_network, foreshadowing_pool, canonical_story_lock, flashback_screening, dramatic_release_map, target_episodes, run_config, derived_config","global_outline, longform_blocks, phase_breakdown, episode_budget, event_release_schedule, block_event_plan, climax_guardrails, block_state_plan, qa_rules, adaptation_capacity_warning",macro_arcs/event_pool/conflict_engine/expanded_character_network/foreshadowing_pool/canonical_story_lock/flashback_screening/dramatic_release_map/target_episodes/run_config/derived_config -> global_outline/longform_blocks/phase_breakdown/episode_budget/event_release_schedule/block_event_plan/climax_guardrails/block_state_plan/qa_rules/adaptation_capacity_warning,05_plot_character_adaptation,target_episodes必须在40-100；longform_blocks数量必须等于derived_config.block_count；episode_budget合计必须等于target_episodes。,05 macro_arcs是篇章ID和集数边界的唯一来源，06必须逐项原样继承；允许变长block，不使用十集等长示例偏置。前3集至少安排1次可见兑现，第4-5集再安排1次新兑现；总集数仍严格等于配置目标，容量不足只报警。
07_episode_planning,剧集规划,剧情规划,生成连续分集卡，每集明确存在理由、冲突、反击、信息增量、状态变化和结尾钩子。,是,prompts/clean/07_剧集规划_episode_planning.md,"global_outline, longform_blocks, phase_breakdown, episode_budget, event_release_schedule, block_event_plan, climax_guardrails, block_state_plan, qa_rules, conflict_engine, expanded_character_network, event_pool, transaction_schedule, episode_event_options, foreshadowing_pool, source_plot_points, canonical_story_lock, flashback_screening, dramatic_release_map, target_episodes, run_config, derived_config","episode_allocation, block_plans, episode_outlines",global_outline/longform_blocks/phase_breakdown/episode_budget/event_release_schedule/block_event_plan/climax_guardrails/block_state_plan/qa_rules/conflict_engine/expanded_character_network/event_pool/episode_event_options/foreshadowing_pool/source_plot_points/canonical_story_lock/flashback_screening/dramatic_release_map/target_episodes/run_config/derived_config -> episode_allocation/block_plans/episode_outlines,06_script_outline_design,target_episodes必须在40-100；episode_outlines数量必须等于target_episodes，episode_num从1连续。每集event_ids、consumed_child_beat_ids和target_script_density.must_cover_beats[].beat_id由runner按05事务排期确定性写入；prop_continuity_plan起态和fact_transitions前态来自对应registry。模型负责人物、地点、分场、故事时间和可见执行，不负责重复声明机器权威归属。未来道具和无关伏笔不进入当前分批prompt。,07 merge后固定生成parsed/07_transaction_ownership_report.json、07_release_preflight.json及season_plan_audit；collect可继续生成，但事务归属或未来道具激活失败时release_status=BLOCK。
08_script_body_generation,剧本正文生成,剧本生成,按五个有界上下文视图生成自由文本剧本正文和小型状态delta，由本地代码维护完整连续性账本。,是,prompts/clean/08_剧本正文生成_script_body_generation.md,"episode_execution_sheet, recent_episode_scripts, active_continuity_view, future_event_reservations, relevant_source_context, run_config, derived_config","schema_version, final_script, state_update, continuity_update",五个有界上下文视图/run_config/derived_config -> 08_episode_delta_v2(final_script/state_update/continuity_update) -> 本地continuity_ledger_v2,07_episode_planning,schema_version/final_script/state_update/continuity_update为硬字段契约；正文必须完成本集授权事务且不得泄漏未来5集可见窗口内的后续事务。当前事务提供完整canonical action/effect ID；模型必须为每个effect ID返回正文逐字证据。normalizer只对高置信的指代词或行首符差异重新锚定到正文已有片段，歧义证据保持原值。未来泄漏按场景/字段局部匹配，明确闪回段不参与当前流程阶段判定，并以类型化process_transition检查外部流程阶段。变化数组使用集号命名空间稳定ID与add/update/resolve/retire。事务失败优先消耗单集重试预算；最终仍失败时，本集delta整体标记STATE_UNCOMMITTED，不部分提交。collect继续生成后续剧本，strict停止。,每集只调用一次模型；08输出是proposed delta。prompt只含当前执行单、最近3集完整剧本、active账本、最多5集后续保留表和本集相关事实。完整历史、未提交提案及状态阻断只在本地ledger落盘。
09_compile_run,运行结果汇总,交付汇总,汇总最终剧本、运行摘要、manifest索引和长篇QA检查结果。,否,,all_stage_outputs,"final_scripts_compiled.md, run_summary.json, manifests, qa_summary, release_preflight.json, release_preflight.md",all_stage_outputs -> final_scripts_compiled.md/run_summary.json/manifests/qa_summary/release_preflight,08_script_body_generation,run_summary必须记录run_id、dry_run、target_episodes、generated_episodes、run_config、derived_config。,该环节不调用模型；未达到请求覆盖时generation_status/overall_status必须为PARTIAL。collect生成成功与发布通过分离：overall_status可PASS，但事务所有权、delta提交或语义normalizer问题会使release_status=BLOCK。
